500 V Cs-137 (CoC) n#1,500 V Cs-137 (CoC) N#1,700 V Cs-137 (CoC) n#2,700 V Cs-137 (CoC) N#2,700 V Cs-137 (EoC) n#3,700 V Cs-137 (EoC) N#3,700 V Am-241 (CoC) n#4,700 V Am-241 (CoC) N#4,800 V Am-241 (CoC) n#5,800 V Am-241 (CoC) N#5,800 V Cs-137 (CoC) n#6,800 V Cs-137 (CoC) N#6,800 V Co-57 (CoC) n#7,800 V Co-57 (CoC) N#7,800 V Co-60 (CoC) n#8,800 V Co-60 (CoC) N#8,800 V Ba-133 (CoC) n#9,800 V Ba-133 (CoC) N#9
0,0,0,0,0,0,0,312,0,10,0,0,0,0,0,0,0,0
1,0,1,2354,1,917,1,3848,1,82,1,261,1,1,1,47,1,31
2,180,2,3299,2,1335,2,3008,2,232,2,620,2,5,2,107,2,85
3,2049,3,2061,3,770,3,15661,3,787,3,750,3,7,3,137,3,132
4,2482,4,2209,4,909,4,49249,4,3685,4,960,4,7,4,167,4,635
5,2769,5,3409,5,1485,5,12263,5,7209,5,2596,5,9,5,178,5,5131
6,2984,6,3010,6,1254,6,2458,6,3147,6,2696,6,14,6,185,6,2550
7,1933,7,2363,7,943,7,2478,7,789,7,1287,7,8,7,177,7,277
8,1872,8,2426,8,1021,8,1344,8,2504,8,1179,8,18,8,169,8,201
9,3507,9,2561,9,1098,9,329,9,17373,9,1113,9,13,9,203,9,316
10,12039,10,2680,10,1062,10,101,10,55882,10,1133,10,24,10,217,10,207
11,2373,11,2805,11,1184,11,68,11,40817,11,1289,11,26,11,219,11,241
12,27,12,3434,12,1403,12,54,12,6083,12,1996,12,31,12,394,12,483
13,15,13,3742,13,1578,13,61,13,1206,13,2127,13,39,13,397,13,1697
14,20,14,3439,14,1457,14,40,14,1217,14,1701,14,35,14,335,14,1687
15,23,15,3418,15,1390,15,33,15,1449,15,1375,15,35,15,240,15,357
16,12,16,3165,16,1381,16,33,16,1570,16,1290,16,28,16,249,16,124
17,18,17,3187,17,1279,17,31,17,1420,17,1246,17,25,17,229,17,124
18,13,18,3146,18,1236,18,35,18,1400,18,1301,18,38,18,231,18,117
19,19,19,3090,19,1212,19,34,19,1520,19,1269,19,80,19,254,19,112
20,10,20,3291,20,1281,20,51,20,1352,20,1317,20,44,20,201,20,126
21,6,21,3167,21,1267,21,45,21,710,21,1321,21,26,21,244,21,148
22,7,22,3126,22,1278,22,30,22,239,22,1378,22,21,22,227,22,135
23,9,23,3247,23,1346,23,20,23,64,23,1302,23,22,23,229,23,170
24,1,24,3271,24,1262,24,17,24,49,24,1444,24,14,24,228,24,182
25,0,25,3221,25,1230,25,14,25,46,25,1415,25,19,25,197,25,157
26,1,26,3139,26,1261,26,16,26,41,26,1403,26,13,26,202,26,142
27,3,27,2828,27,1209,27,15,27,31,27,1629,27,17,27,270,27,122
28,1,28,2323,28,881,28,13,28,36,28,1803,28,14,28,233,28,116
29,2,29,1732,29,749,29,16,29,19,29,1691,29,11,29,226,29,105
30,4,30,1370,30,562,30,9,30,29,30,1699,30,15,30,244,30,80
31,5,31,1283,31,529,31,7,31,25,31,1679,31,9,31,251,31,74
32,0,32,1180,32,491,32,12,32,19,32,1670,32,11,32,280,32,108
33,0,33,1074,33,488,33,9,33,24,33,1459,33,8,33,227,33,78
34,1,34,1028,34,418,34,4,34,14,34,1475,34,13,34,263,34,86
35,0,35,1112,35,439,35,8,35,13,35,1465,35,11,35,251,35,79
36,2,36,1304,36,542,36,10,36,11,36,1460,36,13,36,259,36,77
37,0,37,2975,37,1141,37,11,37,9,37,1398,37,14,37,252,37,114
38,3,38,8010,38,3109,38,4,38,12,38,1406,38,3,38,239,38,172
39,0,39,14466,39,5636,39,11,39,12,39,1350,39,9,39,230,39,256
40,0,40,14266,40,5473,40,10,40,15,40,1414,40,8,40,246,40,282
41,0,41,7140,41,2694,41,6,41,13,41,1374,41,8,41,249,41,362
42,0,42,1790,42,605,42,5,42,11,42,1385,42,11,42,223,42,428
43,0,43,266,43,72,43,6,43,18,43,1359,43,5,43,242,43,516
44,1,44,30,44,10,44,7,44,15,44,1362,44,5,44,250,44,475
45,0,45,11,45,6,45,6,45,14,45,1335,45,8,45,235,45,380
46,0,46,14,46,8,46,5,46,28,46,1371,46,5,46,230,46,264
47,0,47,17,47,5,47,2,47,24,47,1321,47,5,47,219,47,242
48,0,48,13,48,5,48,3,48,11,48,1379,48,10,48,217,48,384
49,0,49,12,49,8,49,5,49,15,49,1402,49,5,49,223,49,729
50,1,50,11,50,6,50,4,50,16,50,1340,50,3,50,227,50,1107
51,0,51,11,51,6,51,0,51,10,51,1458,51,7,51,212,51,1291
52,1,52,10,52,1,52,3,52,3,52,1438,52,6,52,236,52,1161
53,0,53,8,53,6,53,2,53,10,53,1396,53,4,53,194,53,850
54,0,54,11,54,8,54,6,54,2,54,1432,54,5,54,200,54,509
55,0,55,8,55,3,55,5,55,10,55,1383,55,3,55,210,55,309
56,0,56,4,56,9,56,6,56,8,56,1489,56,4,56,219,56,151
57,0,57,6,57,3,57,2,57,7,57,1475,57,6,57,225,57,91
58,0,58,5,58,2,58,7,58,3,58,1403,58,2,58,195,58,48
59,0,59,10,59,5,59,3,59,5,59,1438,59,3,59,227,59,15
60,0,60,2,60,3,60,1,60,9,60,1469,60,2,60,230,60,13
61,0,61,9,61,3,61,3,61,7,61,1440,61,2,61,232,61,8
62,0,62,7,62,4,62,2,62,8,62,1426,62,3,62,217,62,8
63,0,63,5,63,3,63,3,63,3,63,1419,63,4,63,208,63,2
64,0,64,7,64,2,64,2,64,5,64,1349,64,4,64,222,64,5
65,1,65,2,65,1,65,2,65,4,65,1238,65,3,65,216,65,1
66,0,66,5,66,5,66,2,66,6,66,1099,66,5,66,206,66,2
67,0,67,2,67,2,67,2,67,4,67,1028,67,2,67,222,67,4
68,0,68,10,68,7,68,0,68,3,68,882,68,3,68,200,68,4
69,0,69,3,69,5,69,3,69,6,69,748,69,3,69,188,69,3
70,0,70,1,70,2,70,4,70,7,70,680,70,7,70,223,70,2
71,0,71,2,71,3,71,0,71,6,71,658,71,6,71,211,71,1
72,0,72,4,72,2,72,2,72,11,72,621,72,6,72,231,72,10
73,0,73,2,73,3,73,3,73,2,73,600,73,5,73,208,73,4
74,0,74,1,74,3,74,3,74,1,74,587,74,7,74,190,74,9
75,0,75,0,75,3,75,3,75,5,75,544,75,4,75,211,75,6
76,0,76,5,76,3,76,2,76,3,76,521,76,6,76,201,76,11
77,0,77,3,77,3,77,4,77,3,77,585,77,4,77,216,77,4
78,0,78,5,78,0,78,1,78,3,78,539,78,4,78,210,78,5
79,0,79,5,79,2,79,2,79,5,79,506,79,6,79,193,79,2
80,0,80,1,80,4,80,1,80,3,80,523,80,4,80,211,80,4
81,0,81,3,81,2,81,1,81,4,81,498,81,3,81,214,81,2
82,0,82,0,82,0,82,4,82,8,82,525,82,6,82,214,82,1
83,0,83,1,83,2,83,4,83,4,83,503,83,5,83,217,83,3
84,0,84,3,84,5,84,6,84,4,84,528,84,4,84,198,84,5
85,0,85,5,85,2,85,1,85,2,85,601,85,5,85,204,85,2
86,1,86,7,86,5,86,3,86,4,86,760,86,5,86,198,86,3
87,0,87,4,87,4,87,0,87,2,87,1107,87,2,87,195,87,4
88,1,88,2,88,2,88,2,88,2,88,1813,88,5,88,214,88,3
89,0,89,1,89,1,89,1,89,2,89,3014,89,2,89,213,89,3
90,0,90,0,90,2,90,1,90,2,90,4442,90,2,90,191,90,1
91,0,91,0,91,0,91,1,91,4,91,6082,91,4,91,182,91,0
92,0,92,0,92,2,92,0,92,2,92,7346,92,1,92,189,92,5
93,0,93,1,93,1,93,0,93,4,93,7766,93,0,93,180,93,1
94,0,94,0,94,0,94,2,94,6,94,6975,94,1,94,207,94,2
95,0,95,0,95,0,95,1,95,5,95,5659,95,0,95,200,95,3
96,0,96,0,96,0,96,0,96,4,96,3977,96,4,96,200,96,6
97,0,97,1,97,1,97,1,97,1,97,2360,97,0,97,191,97,2
98,0,98,1,98,1,98,0,98,6,98,1164,98,2,98,165,98,2
99,1,99,0,99,1,99,0,99,4,99,549,99,1,99,181,99,1
100,0,100,0,100,0,100,0,100,1,100,228,100,1,100,200,100,1
101,0,101,2,101,0,101,1,101,6,101,54,101,2,101,183,101,3
102,0,102,0,102,2,102,2,102,2,102,25,102,3,102,193,102,3
103,0,103,1,103,1,103,0,103,1,103,7,103,1,103,210,103,3
104,0,104,2,104,0,104,2,104,1,104,5,104,2,104,201,104,3
105,0,105,0,105,2,105,0,105,1,105,7,105,2,105,175,105,2
106,0,106,3,106,0,106,0,106,1,106,6,106,5,106,195,106,3
107,1,107,0,107,0,107,0,107,3,107,6,107,3,107,186,107,4
108,0,108,0,108,4,108,0,108,3,108,7,108,4,108,179,108,2
109,0,109,0,109,0,109,0,109,4,109,8,109,1,109,204,109,3
110,0,110,0,110,0,110,0,110,1,110,12,110,7,110,185,110,0
111,1,111,0,111,0,111,0,111,3,111,6,111,1,111,187,111,3
112,0,112,1,112,0,112,1,112,2,112,8,112,2,112,205,112,2
113,0,113,0,113,0,113,1,113,1,113,4,113,3,113,201,113,3
114,0,114,0,114,0,114,0,114,1,114,2,114,2,114,180,114,3
115,1,115,1,115,0,115,0,115,4,115,7,115,0,115,185,115,1
116,0,116,1,116,0,116,0,116,0,116,5,116,2,116,160,116,2
117,0,117,1,117,0,117,2,117,3,117,5,117,2,117,192,117,1
118,0,118,0,118,0,118,0,118,1,118,4,118,3,118,193,118,1
119,0,119,0,119,1,119,1,119,3,119,3,119,1,119,220,119,2
120,0,120,0,120,2,120,0,120,2,120,4,120,2,120,191,120,1
121,0,121,0,121,0,121,0,121,2,121,4,121,2,121,205,121,3
122,0,122,0,122,0,122,0,122,1,122,1,122,5,122,213,122,3
123,0,123,0,123,0,123,0,123,3,123,6,123,0,123,193,123,2
124,0,124,0,124,0,124,0,124,0,124,6,124,0,124,187,124,1
125,0,125,0,125,0,125,0,125,1,125,4,125,3,125,206,125,3
126,0,126,0,126,0,126,1,126,2,126,1,126,1,126,170,126,3
127,0,127,0,127,0,127,1,127,2,127,4,127,0,127,192,127,2
128,0,128,1,128,1,128,0,128,2,128,3,128,1,128,177,128,0
129,0,129,1,129,0,129,0,129,2,129,1,129,2,129,176,129,4
130,0,130,0,130,1,130,0,130,2,130,6,130,0,130,204,130,1
131,0,131,0,131,0,131,0,131,2,131,5,131,1,131,151,131,1
132,0,132,0,132,0,132,1,132,5,132,2,132,1,132,181,132,2
133,0,133,0,133,0,133,1,133,1,133,4,133,1,133,177,133,3
134,0,134,0,134,0,134,0,134,5,134,2,134,1,134,145,134,1
135,0,135,0,135,0,135,0,135,0,135,0,135,4,135,128,135,1
136,1,136,0,136,0,136,0,136,2,136,1,136,2,136,138,136,2
137,0,137,0,137,0,137,0,137,1,137,2,137,1,137,148,137,0
138,0,138,0,138,0,138,0,138,2,138,1,138,2,138,127,138,0
139,1,139,0,139,0,139,0,139,0,139,4,139,2,139,123,139,1
140,0,140,0,140,0,140,0,140,2,140,1,140,2,140,121,140,4
141,0,141,0,141,0,141,0,141,2,141,0,141,1,141,129,141,1
142,0,142,0,142,0,142,0,142,1,142,4,142,2,142,140,142,1
143,1,143,0,143,0,143,0,143,0,143,0,143,2,143,129,143,0
144,0,144,0,144,0,144,0,144,2,144,2,144,1,144,138,144,1
145,0,145,0,145,0,145,1,145,4,145,0,145,3,145,125,145,3
146,1,146,0,146,1,146,0,146,2,146,3,146,0,146,114,146,2
147,0,147,0,147,1,147,0,147,1,147,3,147,0,147,113,147,0
148,0,148,0,148,0,148,1,148,0,148,4,148,3,148,103,148,0
149,0,149,0,149,0,149,0,149,1,149,1,149,1,149,121,149,4
150,0,150,0,150,1,150,1,150,0,150,1,150,4,150,95,150,0
151,0,151,1,151,0,151,1,151,0,151,1,151,2,151,108,151,0
152,0,152,0,152,0,152,0,152,2,152,1,152,1,152,108,152,2
153,1,153,0,153,0,153,1,153,1,153,4,153,5,153,134,153,2
154,0,154,0,154,0,154,0,154,0,154,3,154,0,154,177,154,1
155,0,155,0,155,0,155,0,155,0,155,2,155,0,155,193,155,3
156,0,156,0,156,0,156,0,156,3,156,1,156,3,156,251,156,2
157,0,157,0,157,0,157,0,157,0,157,2,157,3,157,306,157,1
158,0,158,0,158,0,158,0,158,0,158,2,158,0,158,313,158,3
159,0,159,0,159,0,159,0,159,1,159,4,159,0,159,373,159,3
160,0,160,1,160,0,160,0,160,1,160,1,160,0,160,365,160,0
161,0,161,0,161,0,161,0,161,4,161,4,161,0,161,314,161,2
162,0,162,0,162,0,162,0,162,0,162,3,162,2,162,261,162,3
163,0,163,0,163,0,163,0,163,1,163,1,163,2,163,208,163,2
164,0,164,0,164,0,164,0,164,0,164,1,164,2,164,149,164,3
165,0,165,0,165,0,165,0,165,0,165,0,165,1,165,86,165,0
166,0,166,0,166,0,166,0,166,0,166,1,166,1,166,68,166,1
167,0,167,0,167,0,167,0,167,0,167,0,167,1,167,43,167,0
168,0,168,0,168,0,168,0,168,0,168,3,168,1,168,26,168,0
169,0,169,0,169,0,169,0,169,2,169,1,169,0,169,29,169,3
170,0,170,0,170,0,170,1,170,0,170,0,170,0,170,35,170,1
171,0,171,0,171,0,171,0,171,1,171,3,171,1,171,43,171,0
172,0,172,0,172,0,172,0,172,0,172,1,172,2,172,59,172,2
173,0,173,0,173,0,173,0,173,2,173,5,173,4,173,81,173,1
174,0,174,0,174,0,174,0,174,1,174,1,174,3,174,132,174,1
175,0,175,0,175,0,175,0,175,0,175,4,175,0,175,142,175,1
176,0,176,0,176,0,176,0,176,0,176,0,176,1,176,211,176,0
177,0,177,0,177,0,177,0,177,2,177,1,177,0,177,247,177,0
178,0,178,0,178,0,178,0,178,0,178,1,178,0,178,280,178,2
179,0,179,0,179,0,179,0,179,0,179,2,179,3,179,300,179,0
180,0,180,0,180,0,180,0,180,0,180,1,180,0,180,278,180,0
181,0,181,0,181,0,181,0,181,1,181,3,181,1,181,228,181,0
182,0,182,0,182,0,182,0,182,0,182,0,182,1,182,195,182,1
183,0,183,0,183,0,183,0,183,1,183,0,183,1,183,149,183,2
184,0,184,0,184,0,184,0,184,0,184,0,184,1,184,93,184,1
185,0,185,0,185,0,185,0,185,1,185,0,185,1,185,70,185,0
186,0,186,0,186,0,186,0,186,0,186,0,186,0,186,32,186,1
187,0,187,0,187,0,187,0,187,4,187,1,187,0,187,15,187,0
188,0,188,0,188,0,188,0,188,2,188,4,188,1,188,19,188,1
189,0,189,0,189,0,189,0,189,3,189,0,189,1,189,1,189,1
190,0,190,0,190,0,190,0,190,1,190,1,190,1,190,1,190,4
191,0,191,0,191,0,191,0,191,4,191,2,191,1,191,3,191,1
192,0,192,0,192,0,192,0,192,0,192,2,192,0,192,2,192,4
193,0,193,0,193,0,193,0,193,0,193,0,193,1,193,3,193,4
194,0,194,1,194,0,194,0,194,1,194,1,194,0,194,4,194,5
195,0,195,0,195,0,195,0,195,4,195,1,195,1,195,1,195,2
196,0,196,0,196,0,196,0,196,2,196,1,196,2,196,5,196,0
197,0,197,0,197,0,197,0,197,0,197,2,197,1,197,1,197,1
198,0,198,0,198,0,198,0,198,1,198,0,198,1,198,0,198,2
199,0,199,0,199,0,199,0,199,0,199,2,199,0,199,1,199,1
200,0,200,0,200,1,200,0,200,0,200,3,200,1,200,0,200,0
201,1,201,0,201,0,201,0,201,0,201,1,201,1,201,1,201,1
202,0,202,0,202,1,202,0,202,0,202,0,202,0,202,0,202,0
203,0,203,0,203,0,203,0,203,1,203,1,203,0,203,0,203,0
204,0,204,0,204,0,204,0,204,1,204,0,204,0,204,1,204,0
205,0,205,0,205,0,205,0,205,1,205,0,205,0,205,0,205,0
206,0,206,0,206,0,206,0,206,1,206,0,206,0,206,3,206,0
207,0,207,0,207,0,207,0,207,1,207,0,207,1,207,2,207,0
208,0,208,0,208,0,208,0,208,0,208,0,208,0,208,0,208,0
209,0,209,0,209,0,209,0,209,1,209,0,209,0,209,0,209,0
210,0,210,1,210,0,210,0,210,0,210,1,210,0,210,1,210,0
211,0,211,1,211,0,211,0,211,0,211,0,211,0,211,0,211,1
212,0,212,0,212,1,212,0,212,0,212,0,212,0,212,0,212,1
213,1,213,0,213,0,213,0,213,2,213,0,213,1,213,0,213,0
214,0,214,0,214,0,214,0,214,0,214,1,214,0,214,1,214,0
215,0,215,0,215,0,215,0,215,0,215,0,215,0,215,0,215,0
216,0,216,0,216,0,216,0,216,1,216,0,216,0,216,1,216,0
217,0,217,0,217,0,217,0,217,0,217,0,217,0,217,0,217,0
218,0,218,0,218,0,218,0,218,0,218,0,218,0,218,0,218,0
219,0,219,0,219,0,219,0,219,0,219,0,219,0,219,0,219,0
220,0,220,0,220,0,220,0,220,0,220,0,220,1,220,0,220,1
221,1,221,0,221,0,221,0,221,0,221,0,221,0,221,1,221,1
222,0,222,0,222,0,222,0,222,1,222,0,222,0,222,1,222,0
223,0,223,0,223,0,223,0,223,0,223,0,223,1,223,0,223,0
224,0,224,0,224,1,224,0,224,1,224,0,224,0,224,0,224,0
225,0,225,0,225,0,225,0,225,0,225,1,225,0,225,0,225,0
226,0,226,1,226,0,226,0,226,0,226,1,226,1,226,0,226,0
227,0,227,0,227,0,227,0,227,0,227,1,227,0,227,0,227,0
228,0,228,0,228,0,228,0,228,2,228,0,228,0,228,0,228,0
229,0,229,0,229,0,229,0,229,0,229,0,229,0,229,1,229,0
230,0,230,0,230,0,230,0,230,2,230,0,230,0,230,0,230,0
231,0,231,0,231,0,231,0,231,0,231,0,231,0,231,0,231,0
232,0,232,0,232,0,232,0,232,0,232,0,232,0,232,1,232,0
233,0,233,0,233,0,233,1,233,0,233,1,233,0,233,0,233,1
234,0,234,0,234,0,234,0,234,0,234,0,234,0,234,0,234,0
235,0,235,0,235,0,235,0,235,1,235,0,235,0,235,0,235,0
236,1,236,0,236,0,236,0,236,0,236,1,236,1,236,0,236,0
237,0,237,0,237,0,237,0,237,0,237,0,237,0,237,0,237,0
238,0,238,0,238,0,238,0,238,0,238,0,238,2,238,0,238,0
239,0,239,0,239,0,239,0,239,0,239,0,239,1,239,1,239,0
240,0,240,0,240,0,240,0,240,0,240,1,240,0,240,0,240,0
241,0,241,0,241,0,241,0,241,0,241,1,241,0,241,0,241,0
242,0,242,0,242,0,242,0,242,0,242,0,242,0,242,0,242,0
243,0,243,0,243,1,243,0,243,0,243,0,243,0,243,0,243,0
244,0,244,0,244,0,244,0,244,0,244,1,244,0,244,0,244,0
245,0,245,0,245,0,245,0,245,0,245,0,245,0,245,0,245,0
246,0,246,0,246,0,246,0,246,0,246,0,246,0,246,0,246,0
247,0,247,0,247,0,247,0,247,0,247,1,247,0,247,0,247,0
248,0,248,0,248,0,248,0,248,0,248,0,248,0,248,1,248,0
249,0,249,0,249,0,249,0,249,0,249,0,249,0,249,0,249,0
250,0,250,0,250,0,250,0,250,0,250,1,250,0,250,0,250,0
251,0,251,0,251,1,251,0,251,0,251,0,251,0,251,0,251,0
252,0,252,0,252,0,252,0,252,0,252,0,252,0,252,0,252,0
253,0,253,0,253,0,253,1,253,0,253,0,253,2,253,0,253,0
254,0,254,0,254,0,254,0,254,0,254,0,254,0,254,0,254,1
255,0,255,0,255,1,255,1,255,3,255,2,255,0,255,1,255,3
256,0,,,,,,,,,,,,,,,,
257,0,,,,,,,,,,,,,,,,
258,0,,,,,,,,,,,,,,,,
259,0,,,,,,,,,,,,,,,,
260,0,,,,,,,,,,,,,,,,
261,1,,,,,,,,,,,,,,,,
262,0,,,,,,,,,,,,,,,,
263,0,,,,,,,,,,,,,,,,
264,0,,,,,,,,,,,,,,,,
265,0,,,,,,,,,,,,,,,,
266,0,,,,,,,,,,,,,,,,
267,0,,,,,,,,,,,,,,,,
268,0,,,,,,,,,,,,,,,,
269,0,,,,,,,,,,,,,,,,
270,1,,,,,,,,,,,,,,,,
271,0,,,,,,,,,,,,,,,,
272,0,,,,,,,,,,,,,,,,
273,0,,,,,,,,,,,,,,,,
274,0,,,,,,,,,,,,,,,,
275,0,,,,,,,,,,,,,,,,
276,0,,,,,,,,,,,,,,,,
277,0,,,,,,,,,,,,,,,,
278,0,,,,,,,,,,,,,,,,
279,0,,,,,,,,,,,,,,,,
280,1,,,,,,,,,,,,,,,,
281,0,,,,,,,,,,,,,,,,
282,0,,,,,,,,,,,,,,,,
283,0,,,,,,,,,,,,,,,,
284,0,,,,,,,,,,,,,,,,
285,0,,,,,,,,,,,,,,,,
286,0,,,,,,,,,,,,,,,,
287,0,,,,,,,,,,,,,,,,
288,0,,,,,,,,,,,,,,,,
289,0,,,,,,,,,,,,,,,,
290,0,,,,,,,,,,,,,,,,
291,0,,,,,,,,,,,,,,,,
292,0,,,,,,,,,,,,,,,,
293,0,,,,,,,,,,,,,,,,
294,0,,,,,,,,,,,,,,,,
295,0,,,,,,,,,,,,,,,,
296,0,,,,,,,,,,,,,,,,
297,0,,,,,,,,,,,,,,,,
298,0,,,,,,,,,,,,,,,,
299,0,,,,,,,,,,,,,,,,
300,0,,,,,,,,,,,,,,,,
301,0,,,,,,,,,,,,,,,,
302,1,,,,,,,,,,,,,,,,
303,0,,,,,,,,,,,,,,,,
304,0,,,,,,,,,,,,,,,,
305,0,,,,,,,,,,,,,,,,
306,0,,,,,,,,,,,,,,,,
307,0,,,,,,,,,,,,,,,,
308,0,,,,,,,,,,,,,,,,
309,0,,,,,,,,,,,,,,,,
310,0,,,,,,,,,,,,,,,,
311,0,,,,,,,,,,,,,,,,
312,0,,,,,,,,,,,,,,,,
313,0,,,,,,,,,,,,,,,,
314,0,,,,,,,,,,,,,,,,
315,0,,,,,,,,,,,,,,,,
316,0,,,,,,,,,,,,,,,,
317,0,,,,,,,,,,,,,,,,
318,0,,,,,,,,,,,,,,,,
319,0,,,,,,,,,,,,,,,,
320,0,,,,,,,,,,,,,,,,
321,0,,,,,,,,,,,,,,,,
322,0,,,,,,,,,,,,,,,,
323,0,,,,,,,,,,,,,,,,
324,0,,,,,,,,,,,,,,,,
325,0,,,,,,,,,,,,,,,,
326,0,,,,,,,,,,,,,,,,
327,0,,,,,,,,,,,,,,,,
328,0,,,,,,,,,,,,,,,,
329,0,,,,,,,,,,,,,,,,
330,0,,,,,,,,,,,,,,,,
331,0,,,,,,,,,,,,,,,,
332,0,,,,,,,,,,,,,,,,
333,1,,,,,,,,,,,,,,,,
334,0,,,,,,,,,,,,,,,,
335,0,,,,,,,,,,,,,,,,
336,0,,,,,,,,,,,,,,,,
337,0,,,,,,,,,,,,,,,,
338,0,,,,,,,,,,,,,,,,
339,0,,,,,,,,,,,,,,,,
340,0,,,,,,,,,,,,,,,,
341,0,,,,,,,,,,,,,,,,
342,0,,,,,,,,,,,,,,,,
343,0,,,,,,,,,,,,,,,,
344,0,,,,,,,,,,,,,,,,
345,1,,,,,,,,,,,,,,,,
346,0,,,,,,,,,,,,,,,,
347,0,,,,,,,,,,,,,,,,
348,0,,,,,,,,,,,,,,,,
349,0,,,,,,,,,,,,,,,,
350,0,,,,,,,,,,,,,,,,
351,0,,,,,,,,,,,,,,,,
352,0,,,,,,,,,,,,,,,,
353,0,,,,,,,,,,,,,,,,
354,0,,,,,,,,,,,,,,,,
355,0,,,,,,,,,,,,,,,,
356,0,,,,,,,,,,,,,,,,
357,0,,,,,,,,,,,,,,,,
358,0,,,,,,,,,,,,,,,,
359,0,,,,,,,,,,,,,,,,
360,0,,,,,,,,,,,,,,,,
361,0,,,,,,,,,,,,,,,,
362,0,,,,,,,,,,,,,,,,
363,0,,,,,,,,,,,,,,,,
364,0,,,,,,,,,,,,,,,,
365,0,,,,,,,,,,,,,,,,
366,0,,,,,,,,,,,,,,,,
367,0,,,,,,,,,,,,,,,,
368,0,,,,,,,,,,,,,,,,
369,0,,,,,,,,,,,,,,,,
370,0,,,,,,,,,,,,,,,,
371,0,,,,,,,,,,,,,,,,
372,0,,,,,,,,,,,,,,,,
373,0,,,,,,,,,,,,,,,,
374,0,,,,,,,,,,,,,,,,
375,0,,,,,,,,,,,,,,,,
376,0,,,,,,,,,,,,,,,,
377,0,,,,,,,,,,,,,,,,
378,0,,,,,,,,,,,,,,,,
379,0,,,,,,,,,,,,,,,,
380,0,,,,,,,,,,,,,,,,
381,0,,,,,,,,,,,,,,,,
382,0,,,,,,,,,,,,,,,,
383,1,,,,,,,,,,,,,,,,
384,0,,,,,,,,,,,,,,,,
385,0,,,,,,,,,,,,,,,,
386,0,,,,,,,,,,,,,,,,
387,0,,,,,,,,,,,,,,,,
388,0,,,,,,,,,,,,,,,,
389,0,,,,,,,,,,,,,,,,
390,0,,,,,,,,,,,,,,,,
391,0,,,,,,,,,,,,,,,,
392,0,,,,,,,,,,,,,,,,
393,0,,,,,,,,,,,,,,,,
394,0,,,,,,,,,,,,,,,,
395,0,,,,,,,,,,,,,,,,
396,0,,,,,,,,,,,,,,,,
397,0,,,,,,,,,,,,,,,,
398,0,,,,,,,,,,,,,,,,
399,0,,,,,,,,,,,,,,,,
400,0,,,,,,,,,,,,,,,,
401,0,,,,,,,,,,,,,,,,
402,0,,,,,,,,,,,,,,,,
403,0,,,,,,,,,,,,,,,,
404,0,,,,,,,,,,,,,,,,
405,0,,,,,,,,,,,,,,,,
406,0,,,,,,,,,,,,,,,,
407,0,,,,,,,,,,,,,,,,
408,0,,,,,,,,,,,,,,,,
409,0,,,,,,,,,,,,,,,,
410,0,,,,,,,,,,,,,,,,
411,0,,,,,,,,,,,,,,,,
412,0,,,,,,,,,,,,,,,,
413,0,,,,,,,,,,,,,,,,
414,0,,,,,,,,,,,,,,,,
415,0,,,,,,,,,,,,,,,,
416,0,,,,,,,,,,,,,,,,
417,0,,,,,,,,,,,,,,,,
418,0,,,,,,,,,,,,,,,,
419,0,,,,,,,,,,,,,,,,
420,0,,,,,,,,,,,,,,,,
421,0,,,,,,,,,,,,,,,,
422,0,,,,,,,,,,,,,,,,
423,0,,,,,,,,,,,,,,,,
424,0,,,,,,,,,,,,,,,,
425,0,,,,,,,,,,,,,,,,
426,0,,,,,,,,,,,,,,,,
427,0,,,,,,,,,,,,,,,,
428,0,,,,,,,,,,,,,,,,
429,0,,,,,,,,,,,,,,,,
430,0,,,,,,,,,,,,,,,,
431,0,,,,,,,,,,,,,,,,
432,0,,,,,,,,,,,,,,,,
433,0,,,,,,,,,,,,,,,,
434,0,,,,,,,,,,,,,,,,
435,0,,,,,,,,,,,,,,,,
436,0,,,,,,,,,,,,,,,,
437,0,,,,,,,,,,,,,,,,
438,0,,,,,,,,,,,,,,,,
439,0,,,,,,,,,,,,,,,,
440,0,,,,,,,,,,,,,,,,
441,0,,,,,,,,,,,,,,,,
442,0,,,,,,,,,,,,,,,,
443,0,,,,,,,,,,,,,,,,
444,0,,,,,,,,,,,,,,,,
445,0,,,,,,,,,,,,,,,,
446,0,,,,,,,,,,,,,,,,
447,0,,,,,,,,,,,,,,,,
448,0,,,,,,,,,,,,,,,,
449,0,,,,,,,,,,,,,,,,
450,0,,,,,,,,,,,,,,,,
451,0,,,,,,,,,,,,,,,,
452,0,,,,,,,,,,,,,,,,
453,0,,,,,,,,,,,,,,,,
454,0,,,,,,,,,,,,,,,,
455,0,,,,,,,,,,,,,,,,
456,0,,,,,,,,,,,,,,,,
457,0,,,,,,,,,,,,,,,,
458,0,,,,,,,,,,,,,,,,
459,0,,,,,,,,,,,,,,,,
460,0,,,,,,,,,,,,,,,,
461,0,,,,,,,,,,,,,,,,
462,0,,,,,,,,,,,,,,,,
463,0,,,,,,,,,,,,,,,,
464,0,,,,,,,,,,,,,,,,
465,0,,,,,,,,,,,,,,,,
466,0,,,,,,,,,,,,,,,,
467,0,,,,,,,,,,,,,,,,
468,0,,,,,,,,,,,,,,,,
469,0,,,,,,,,,,,,,,,,
470,0,,,,,,,,,,,,,,,,
471,0,,,,,,,,,,,,,,,,
472,0,,,,,,,,,,,,,,,,
473,0,,,,,,,,,,,,,,,,
474,0,,,,,,,,,,,,,,,,
475,0,,,,,,,,,,,,,,,,
476,0,,,,,,,,,,,,,,,,
477,0,,,,,,,,,,,,,,,,
478,0,,,,,,,,,,,,,,,,
479,0,,,,,,,,,,,,,,,,
480,0,,,,,,,,,,,,,,,,
481,0,,,,,,,,,,,,,,,,
482,0,,,,,,,,,,,,,,,,
483,0,,,,,,,,,,,,,,,,
484,0,,,,,,,,,,,,,,,,
485,0,,,,,,,,,,,,,,,,
486,0,,,,,,,,,,,,,,,,
487,0,,,,,,,,,,,,,,,,
488,0,,,,,,,,,,,,,,,,
489,0,,,,,,,,,,,,,,,,
490,0,,,,,,,,,,,,,,,,
491,0,,,,,,,,,,,,,,,,
492,0,,,,,,,,,,,,,,,,
493,0,,,,,,,,,,,,,,,,
494,0,,,,,,,,,,,,,,,,
495,0,,,,,,,,,,,,,,,,
496,0,,,,,,,,,,,,,,,,
497,0,,,,,,,,,,,,,,,,
498,0,,,,,,,,,,,,,,,,
499,0,,,,,,,,,,,,,,,,
500,0,,,,,,,,,,,,,,,,
501,0,,,,,,,,,,,,,,,,
502,0,,,,,,,,,,,,,,,,
503,0,,,,,,,,,,,,,,,,
504,0,,,,,,,,,,,,,,,,
505,0,,,,,,,,,,,,,,,,
506,0,,,,,,,,,,,,,,,,
507,0,,,,,,,,,,,,,,,,
508,0,,,,,,,,,,,,,,,,
509,0,,,,,,,,,,,,,,,,
510,0,,,,,,,,,,,,,,,,
511,0,,,,,,,,,,,,,,,,
